,WTI_Oil_Price,Industrial_Production,CPI_Energy,Cap_Util_Oil_Gas,SP500,USD_Index,Energy_Sector_ETF
2000-02-01,0.07681113755110802,0.0031184257109906355,0.03250927856529451,-0.0005537866766101018,-0.02031300243690115,0.007486421439389268,-0.04325630516605994
2000-03-01,0.01823143002174099,0.00354941252967933,0.0452565915881209,0.007415013291932837,0.09232375063667675,-0.004541980992893713,0.11392587851674918
2000-04-01,-0.1494777741278659,0.005934581411047191,-0.027734240895918916,-0.007409697182793273,-0.031279910953390555,0.043610184384081485,-0.015037877364540542
2000-05-01,0.11163449929124125,0.0027040320534066353,-0.007472014838700858,0.002520901765819872,-0.0221587523957556,-0.012792586220268909,0.11102625319350379
2000-06-01,0.1007285398347797,0.00039045672638238216,0.05511929922107939,0.0054342729000111945,0.023651631558432307,-0.01762733810728534,-0.06141185654386261
2000-07-01,-0.06690806626631662,-0.0019527324535886237,0.003935463560235775,0.00042288315187732906,-0.01647626719348505,0.02523125766690537,-0.03885003006248233
2000-08-01,0.047557740059601006,-0.00272663339275514,-0.027879145312865283,0.0065617764274277235,0.05892822369153272,0.02727809052217811,0.10364598459058572
2000-09-01,0.08176595469656789,0.004604083024880801,0.04269423109800563,-0.003481501631010353,-0.05496632087674769,0.005756062208876145,0.011993427522546174
2000-10-01,-0.023895999628363196,-0.003893384717707171,0.0030911925696726072,0.001990913442829978,-0.004961774691885523,0.029580247185125863,-0.027557944063657747
2000-11-01,0.039127694223862086,0.00027960447484520756,-0.0030911925696726072,-0.008711089588772758,-0.08345618792359133,-0.012161119869172232,-0.05387654447922863
2000-12-01,-0.1895569717176464,-0.0032683707203071677,0.006941794169958548,-0.00953305593666176,0.0040452525456853294,-0.05054456956795761,0.09422784000279583
2001-01-01,0.03859886462094719,-0.004770869350923412,0.03697139291996976,-0.004989774321709994,0.03405023140926122,0.008724147570084106,-0.032383092630841936
2001-02-01,0.0010136848308466284,-0.006534765134370346,-0.006688988150797215,0.012916261302964749,-0.09683114482086808,0.013391702414208062,-0.012212498484200474
2001-03-01,-0.08342566083218861,-0.0020524117552422894,-0.018059181538396807,0.0016097435300270746,-0.06635853454793583,0.04674318941765776,-0.03331502844251588
2001-04-01,0.006221429033383075,-0.003596380672338917,0.004545462371674525,0.003853898982776549,0.07400701716559066,-0.013035123805864579,0.09826695584934875
2001-05-01,0.043896431777750156,-0.004787344785630587,0.04507597206265945,0.001417839307518598,0.005077276192499092,0.02741531519286422,-0.009492794616628775
2001-06-01,-0.03698856936934014,-0.005294243917338015,-0.010897310889165901,-0.008246497440399736,-0.02535410549182071,0.0030188753355151476,-0.10024031060279315
2001-07-01,-0.04255961441879608,-0.006424803271452895,-0.054797948376229755,0.001786764740709046,-0.010798241319024626,-0.019019211514628154,-0.011599148412370752
2001-08-01,0.03783834180287382,-0.0011484395650906976,-0.017906278354812954,-0.002011794648344889,-0.06625562852916911,-0.032613490279113755,-0.04325552460425586
2001-09-01,-0.05962403047448239,-0.005077876004763837,0.027887167352493414,0.004640006037097244,-0.0852566327694193,0.0005289130805081754,-0.10679248345875969
2001-10-01,-0.15292783172636382,-0.0027452194543418074,-0.06306265634386499,-0.0033001269349623996,0.01793727226268249,0.012087361227654192,0.03948884021939003
2001-11-01,-0.12144800550536816,-0.006065460085318719,-0.05005214809396641,0.001512763433003883,0.07248427993671047,0.010996228856715362,-0.05746506018201414
2001-12-01,-0.0174363391807284,-0.0004275098074009165,-0.025997998024886115,-0.0019093418361304515,0.007545296609038132,0.0053246669422666315,0.05149044034419914
2002-01-01,0.0174363391807284,0.006633064841170544,0.0026304267687731198,-0.009011934953115919,-0.01569637859279549,0.029454831129324788,-0.03622896687096988
2002-02-01,0.05296957040041317,0.00011522468260949381,-0.006148460300452463,-0.0013246914426670031,-0.020984861119793585,-0.009022569100543443,0.03360374120151022
2002-03-01,0.1633382658811775,0.0072123326949231625,0.03548619854306878,-0.007151652394027153,0.03608010666721562,-0.004542029012747584,0.08145712504014702
2002-04-01,0.07302513501488983,0.004871002165678817,0.03262522731607653,0.00672506460747524,-0.06338465474468347,-0.029342169432022835,-0.03666251328081227
2002-05-01,0.028149728834604204,0.0040096284673607485,0.003286773706623336,0.009519440847167715,-0.009122969376784695,-0.029781979809053283,-0.01775086500806955
2002-06-01,-0.05711487405546345,0.008215019236447851,-0.0024640669551594385,-0.0011783413952342059,-0.0752143496031783,-0.052324682686401225,-0.043322675175643255
2002-07-01,0.054149712505628944,-0.00032197063949990223,0.006557400546158831,0.003895235840401412,-0.08229988459363824,0.012177024067070441,-0.14913786257873474
2002-08-01,0.05207250074967851,-0.0011111535235635017,0.005702663112182371,-0.003479629663251771,0.004869557741769448,-0.004011389222453587,0.01495191249694372
2002-09-01,0.04445176257083405,0.0008486486965990636,0.0048622462080345485,-0.03866723666177485,-0.11656114050838795,-0.0010287642451594081,-0.07946089002613554
2002-10-01,-0.0280264413486222,-0.002084836336934792,0.02554009532189916,-0.018340158659240657,0.08291439611915408,-0.002154498090043866,0.01826318136758287
2002-11-01,-0.09368238925666006,0.0055865759173183704,-0.001577287393248028,0.04168211006518607,0.055500571043499924,-0.002159078278250348,0.04046932330732078
2002-12-01,0.1132471114758431,-0.005576627290919234,0.003152090868314694,0.0046466794128434685,-0.06222926619772107,-0.04379846417754063,-0.0049140420184445865
2003-01-01,0.11301300957620253,0.00848540572389922,0.04912729964489593,0.0020784083253087005,-0.027797487730551573,-0.019231310292176396,-0.025398166161683555
2003-02-01,0.08521356679469694,0.0011874209279270076,0.0532389658836383,0.003970959059943269,-0.017149829499765623,-0.0020038537402085055,0.02897438473018976
2003-03-01,-0.06686442812650029,-0.002631971347628159,0.02177817016937933,-0.007122989015834413,0.00832283659298838,-0.006540261144442283,-0.004024157163555753
2003-04-01,-0.1719434058252407,-0.005974715309085887,-0.05279399926830752,-0.0070278938224834775,0.07792734002637935,-0.019057851879047405,-0.008549007700285216
2003-05-01,-0.0039014059062068007,-0.00027277943080949996,-0.05341623255821393,-0.01751392303788979,0.04964571199782597,-0.04116937388810804,0.10092232280455393
2003-06-01,0.08772185659322806,0.0012771147115513415,0.003086422203189443,0.0022268426740987834,0.01125859814062835,0.015532298577097592,-0.017721474115913516
2003-07-01,0.0013012363579720798,0.005125135550598792,0.018321123147596374,-0.008210880302116585,0.016093504013478643,0.02254553277318383,-0.03598265327113026
2003-08-01,0.02662547017655026,-0.002184157819974608,0.041487431161971955,0.014705605225938001,0.017715355943955124,0.012411042919511672,0.061840899844908925
2003-09-01,-0.1103322295005178,0.006426751702139022,0.036341726356263315,0.006270452810970717,-0.012016271671428491,-0.05500207965208759,-0.025858246573778665
2003-10-01,0.06962893638701395,0.0012308567584176089,-0.036341726356263315,-0.0035954205325934296,0.05350426070312331,-0.0012931903516140153,0.009518029642874737
2003-11-01,0.024748902370172576,0.006682592049196856,-0.006552626285154517,-0.00769416706933157,0.007103216390662581,-0.027551805493592596,0.007794854922282379
2003-12-01,0.03352622661296589,0.0002959460294098548,0.013783315778300498,-0.0009072905698488398,0.04951898497110463,-0.03715214119745003,0.11855465851214841
2004-01-01,0.06385788520288926,0.001520626219034149,0.0360845658206177,0.007245198525383856,0.017128847057715113,0.0032161615954588996,0.02225507669060045
2004-02-01,0.01362142492644125,0.00601430610916065,0.013117205681235866,-0.009086473286558316,0.012135045336105321,0.0012606799425007864,0.051204527981354886
2004-03-01,0.05651853667452755,-0.004008755848768253,-0.004812659684415799,0.00023117035046027468,-0.01649420417864178,0.003430177784749411,-0.01051033466246265
2004-04-01,-0.0019060591202957333,0.0037074991758068165,-0.011785231724622314,0.0011165706274329779,-0.016933314713064362,0.032233715264291085,0.016898002533581646
2004-05-01,0.09335082948317108,0.007197750706737338,0.02886798400085233,-0.00509353465368978,0.012011028036096327,-0.01705448910609686,-0.0030206484574564207
2004-06-01,-0.05774273079007841,-0.007832838806188569,0.026079712783051434,-0.0034948059102921647,0.017829111362111405,-0.0016876954383890919,0.056523277016150786
2004-07-01,0.06787002495331507,0.007443879683666665,-0.0026437556707294974,0.023972814585423663,-0.03489223484716675,0.012978432549299868,0.030348057653540206
2004-08-01,0.09934590474358496,0.0006709667193680602,0.0026437556707294974,-0.012514618903914254,0.002284738319904278,-0.011403104381479068,-0.015528261958617229
2004-09-01,0.02222558204451275,0.0012701843581544026,0.009198487985592863,-0.029151673635982256,0.009320306218270069,-0.017924493549367426,0.08917386285280982
2004-10-01,0.14518789166115598,0.008495312737233363,0.036601196265730884,0.0089960615732112,0.013916952102817959,-0.028445603842642164,0.005993997834289111
2004-11-01,-0.09200302507447233,0.0024803554509942316,0.03226086221822211,0.026979794703881232,0.037868776906828217,-0.03707020636916791,0.06526745395680145
2004-12-01,-0.11189347963656182,0.007936241000935595,-0.009199696898424037,0.004460849546890522,0.03194257321148264,-0.011926141621255049,-0.03223897401593723
2005-01-01,0.07789230297769878,0.0035900791158702816,-0.03192759452543914,-0.0006028871536694069,-0.025615767695305713,0.03344793468836116,0.0333048125615063
2005-02-01,0.023838276784455825,0.007232846062771081,0.028842124629285593,0.01090725927003966,0.018726898056026897,-0.013123977831699385,0.15510132612831473
2005-03-01,0.12413255653278155,-0.0013521797796176571,0.01045198571291639,0.0034145371501113075,-0.019302760921690698,0.018611276526539378,-0.022602428325825485
2005-04-01,-0.023662026169147143,0.0021501954438223336,0.01938279941944021,-0.003828758468256588,-0.020313511500222425,0.004391991762594749,-0.055636493948032495
2005-05-01,-0.062429133584293695,0.0008997205268519437,-0.020606789780329038,-0.0069124972193046474,0.02951224448901968,0.038683048012757126,0.027485643020348505
2005-06-01,0.12136659076839784,0.004487529157463754,0.002446484400669746,-0.0036130809523040597,-0.00014272436450557535,0.01526572816533811,0.06434357435691851
2005-07-01,0.042455923772339865,-0.003171466288216962,0.05409937199286663,-0.010748277123957095,0.03533653227186839,0.0026896560538434144,0.06846775005718841
2005-08-01,0.10148589805838881,0.003253788346562203,0.060079811124669646,-0.006270268103389043,-0.011285547502899007,-0.020008542247412997,0.0619090366020707
2005-09-01,0.00919264938308828,-0.0195638287695461,0.12628448868624353,-0.14671195281873128,0.006924991121192825,0.021909344223934646,0.05811238628865967
2005-10-01,-0.05003388373749651,0.012064329407210472,-0.011108542147124645,0.03680332081117932,-0.01790003390634265,0.006125115903033773,-0.09471409335805081
2005-11-01,-0.06748229718158516,0.01117751662149491,-0.07511718598711425,0.05772555829928905,0.03458121395472791,0.016516561379491534,0.014842186664858037
2005-12-01,0.01919705602212307,0.005151693564231508,-0.017961391474505817,0.012956799859705548,-0.0009528030899303985,-0.004377828274085616,0.015221646421176516
2006-01-01,0.09740365336521606,0.0015766002009156566,0.04685917114094185,0.022597613942191508,0.025147895607580573,-0.024539055302027712,0.13635979776410911
2006-02-01,-0.06105403776963403,0.0004215001803382634,-0.012797717538101772,-0.007962811901673916,0.0004530550834003222,0.01284433280952868,-0.09680278954659682
2006-03-01,0.020397398732243666,0.002252114659746063,-0.010878118147182647,-0.003576252850804984,0.011034703509450239,-0.004225954298888723,0.03860328189382045
2006-04-01,0.1025106717440325,0.0030320784432706915,0.03329372809946385,0.009414345686080239,0.012082366269225986,-0.04117964292534371,0.0491402042097997
2006-05-01,0.017777613895048283,0.0002541145564114444,0.0065277660872080645,0.008221081651199391,-0.03140492932031602,-0.016273840094291003,-0.028220883769585203
2006-06-01,0.0002818886558477729,0.0031614092164247154,0.0,0.013271370019628748,8.659275533506872e-05,0.005884446694077283,0.021372154010156574
2006-07-01,0.0474740034078458,-0.0005127465055316804,0.039740328649513934,0.006913385777142622,0.005072989405988437,0.0009383278784902416,0.032931944754662545
2006-08-01,-0.018446203212461043,0.004379138878333855,0.019057270410286264,-0.00024261128545610688,0.021051056620195574,-0.0029351355505990995,-0.052146231811986965
2006-09-01,-0.13429437062321092,-0.0016629623569395235,-0.06734251156974835,0.007685708178568618,0.02426939911430903,0.010759057661731575,-0.04069471755924292
2006-10-01,-0.0813482931528764,-0.0011474759561265202,-0.07329286546547298,0.0036041576101375483,0.031021812670561033,-0.007589522359215728,0.04177194162254594
2006-11-01,0.00828757386196255,-0.0004204326283367976,0.0,-0.010304486895274856,0.016332551131229778,-0.028532624540916984,0.08229001952807113
2006-12-01,0.043829090702442564,0.010141747096689357,0.0456554871812882,0.01006994618057977,0.012536866857911555,0.009601646673186082,-0.03156208370154223
2007-01-01,-0.12813385778688557,-0.0033888659943164257,-0.012632648456974316,-0.013468246365023973,0.013961131307326013,0.010574557991533062,-0.009252994562828576
2007-02-01,0.08245026094727814,0.009378469307674386,0.010606726359410068,3.2867959548710246e-05,-0.022088337053377316,-0.012367869788508123,-0.02069816668205382
2007-03-01,0.021700066983775024,0.0017786154493029116,0.04023818313924199,0.00028809620640757316,0.009930511784698837,-0.007687718218573281,0.05770498555860781
2007-04-01,0.054779614332852056,0.006700319901752572,0.01537031545361689,0.004831571232529086,0.04237984325324007,-0.0180075845628469,0.04999019297246132
2007-05-01,-0.008004437306996515,0.0009559214748104949,0.02586916181158827,0.011163224232596747,0.032030723851896425,0.010381847183734472,0.07491926477820332
2007-06-01,0.06142147152271793,0.0005768477837078123,0.005563615779401232,-0.010647793725026666,-0.01797694386967663,-0.004628005824464765,0.010051724335257806
2007-07-01,0.09466331438367792,-0.0012002567099926864,-0.000762925666061065,0.008849341721062665,-0.03250447118036437,-0.014137571046890507,0.0001449690035921769
2007-08-01,-0.024426403756395487,0.0019240393848489745,-0.015512832388289155,-0.0017584222614148715,0.01278153901893031,0.0002476389312384697,0.011957238482289245
2007-09-01,0.09908308333287774,0.002220126784417964,0.020760465041370857,-0.0016650810025362617,0.035168290262790336,-0.0387405666081424,0.06875418269978306
2007-10-01,0.07551892603172039,-0.002824061214514728,0.007770737330778488,0.008763000783183372,0.014713560940171178,-0.01608332757955644,0.02508374280564052
2007-11-01,0.09319869253335433,0.005320711796714228,0.052409975950325816,0.004529843093215469,-0.045042782630903666,-0.004324213257128839,-0.043024492337798925
2007-12-01,-0.031019390681437997,0.00034876070631284506,0.00816534484653797,0.0009383360080770231,-0.008665949670829676,0.007196569205996539,0.07699125149551644
2008-01-01,0.01321223464588872,-0.0013243734009682484,0.004977641879740702,-0.0007138247200959569,-0.06311386420630871,-0.02001642638967205,-0.1311038823258639
2008-02-01,0.025492617878975388,-0.003929670898134674,0.01295072272965303,-0.0021895311530615302,-0.035379739592448445,-0.019746779414769655,0.08862651341678296
2008-03-01,0.10172517958869509,-0.003050488801082274,0.015626127747795593,0.004299610551355748,-0.0059774528264187055,-0.026253944222762726,-0.026515516313390552
2008-04-01,0.06429573873158922,-0.006472955790125745,0.006105199822465934,0.0015966833315568252,0.04645095190758575,0.009839994286917175,0.09879026725714413
2008-05-01,0.10785362983573421,-0.006076205184033512,0.03821631456390229,-0.008536305242529352,0.010617614807393316,0.005089702420655762,0.05068148647614512
2008-06-01,0.06588839519658407,-0.0023354873224965544,0.07179691492141593,0.007486703754942425,-0.08988355391782221,-0.005779542433343998,0.02842927946054319
2008-07-01,-0.0036653367885941535,-0.003580204065057657,0.03401486899845363,0.026359634750084737,-0.009908296633773794,0.010570546081941856,-0.17332061336587978
2008-08-01,-0.13481690507819533,-0.01582441580561067,-0.032166006284453985,-0.026024921342648,0.012116759351493478,0.05512309486370004,0.0033545820774687485
2008-09-01,-0.11540613542705991,-0.04504760056956236,-0.00934019428644195,-0.17985389449418587,-0.09518076507694317,0.026399540794036724,-0.1649252273282653
2008-10-01,-0.30417929278735834,0.009892320608246408,-0.08861853908616713,0.12306473932011386,-0.1856364738868823,0.07490780239142669,-0.20824711494989545
2008-11-01,-0.2885086805778547,-0.013288653060593347,-0.19874963101229248,0.04170050626123789,-0.07779835731330564,0.010339905322244825,-0.022030842703537612
2008-12-01,-0.33668117209573367,-0.028604196853907915,-0.10000309381969164,-0.0062158415419695245,0.007791146673498339,-0.06210658209150566,-0.051209522459410906
2009-01-01,0.017400149004819898,-0.02525918032014296,0.011699134686158352,0.017590792930475274,-0.08954987959881677,0.056078316059665845,-0.0179538522242928
2009-02-01,-0.06380408398674486,-0.006104174649481209,0.027928147026507588,0.002378440027619,-0.11645651319919015,0.02310317240480053,-0.13170617654865602
2009-03-01,0.20312843974923878,-0.015779695625957935,-0.029306005179501327,-0.0072222277309315075,0.08195269356125578,-0.02975313792254841,0.0318246265014146
2009-04-01,0.03702990324254296,-0.008325115063071209,-0.004848773570603981,0.0018579321303509033,0.08977221824359916,-0.009644860585645176,0.0752848531468735
2009-05-01,0.17243147718850738,-0.010150910930024182,0.012748436418897668,0.005880692823938105,0.05172057715517475,-0.05066522543983343,0.12122357751958068
2009-06-01,0.16366769470164844,-0.003775936043751038,0.09135926722255405,-0.003710321653209725,0.0001958080939532536,-0.003736963196877774,-0.0728287458411816
2009-07-01,-0.08362498702811205,0.011226962849123723,-0.006389863166618603,0.017043894906553447,0.07152194934301459,-0.02246433218653454,0.05210461447805237
2009-08-01,0.10323624507674545,0.010907281117748191,0.02921984301176117,-0.0006475173726672168,0.033009336342854745,-0.0023000305186373637,0.010806653016924628
2009-09-01,-0.022773543276953134,0.008775750967465079,0.005905645811775884,0.0016385122357931436,0.035100067367746846,-0.019636293583312536,0.05234804561207573
2009-10-01,0.08761106277226105,0.0026918316470805337,0.009531454062431166,-0.009922561376352057,-0.019959880197119695,-0.004576646937682227,0.024366907752540357
2009-11-01,0.029371832016648725,0.004328725221761864,0.02989749953383125,-0.018127701890269243,0.0557790765867372,-0.018786182797682294,0.028020030657257777
2009-12-01,-0.049622990381124055,0.00404986001487373,-0.004833119778345107,-0.0057925154467302065,0.017614520350299756,0.03902555453184586,0.0033382905467496116
2010-01-01,0.05141441760365506,0.010840638479048259,0.013682964788816143,0.0014325419848821852,-0.03767512371219439,0.020341388843188035,-0.045025959932671
2010-02-01,-0.02328092730861453,0.0037459440910962982,-0.015070201954692664,0.01091767793156162,0.028114739741840644,0.011262808677361846,0.029647858392582993
2010-03-01,0.06116329469343018,0.006833361127325688,-0.00142260436929309,-0.00446306016864817,0.05713281541639237,0.008796427693316566,0.024284161309349184
2010-04-01,0.03910708324576717,0.003386556200029922,-0.0005112950929104798,-0.007767521576986347,0.014651373006918433,0.009819681701178418,0.040710712177750796
2010-05-01,-0.13461422976335413,0.013418531682922286,-0.012446956414302157,0.0002435825789603996,-0.08553157288349045,0.05605163623074372,-0.12160858287040588
2010-06-01,0.020243334877907415,0.0018475022092525606,-0.013972132415236871,0.001020444291497391,-0.05538844940550369,-0.0066045048366349945,-0.0656324069104226
2010-07-01,0.0134460238277887,0.003789845743598974,0.015161952341435025,0.0018816661439382543,0.06651579901085647,-0.053486079711492884,0.08041424440251843
2010-08-01,0.005875074017465565,0.00365793559629779,0.009108753766557065,0.013465011765388724,-0.04861182288741883,0.020153602528320214,-0.050277141223947996
2010-09-01,-0.019852094804498677,0.00294342526586977,0.0050740430218310095,0.014148100885462256,0.08392847418803395,-0.05535004289648349,0.09068302328682565
2010-10-01,0.08388606274576382,-0.002837691245095364,0.03225284367754,-0.007084609611043291,0.03619305175049092,-0.018591529749609315,0.05517444749948419
2010-11-01,0.02698308730335075,0.0008691845526112019,0.012773954890317185,-0.010182067635552627,-0.0022928763797240848,0.049609471083119416,0.056923892222612515
2010-12-01,0.05660362880491476,0.009737829134778053,0.03418853166876801,0.0036104892169293024,0.06325648750899848,-0.0270876978135961,0.08465652410952362
2011-01-01,0.004258663838545118,-0.0021083561409289686,0.009325466145693184,-0.016638339582319084,0.02239296981241168,-0.01645761382590205,0.06933471426065241
2011-02-01,0.0017877099733194513,-0.0039787481289410565,0.01218242523914359,-0.03166170304335392,0.03145657676282454,-0.010994076838803934,0.07109591248097091
2011-03-01,0.13901421344545462,0.010348991071804647,0.03393760367703447,0.04149340927104017,-0.0010478617545839342,-0.013486276799589803,0.015288680858261294
2011-04-01,0.06669764183176508,-0.00323549938184442,0.03236796408350351,-0.0013787608418747155,0.028096938770245217,-0.03938946312587088,0.009112006397875572
2011-05-01,-0.08246141859614742,0.0012053529354325576,0.01109649841170679,0.004829168862871214,-0.013592919455283514,0.023176467181172278,-0.04277576630262425
2011-06-01,-0.05101804620803385,0.0030203149621863545,-0.020997067823392612,0.0025123393653805337,-0.01842618591193279,-0.004565555564647994,-0.023089076938250574
2011-07-01,0.009303354263186847,0.004915055867338758,0.002655979239720274,-0.015531422142244011,-0.02170835585666353,-0.0053981441951256315,0.014492987634766585
2011-08-01,-0.11849066326794766,0.006728443816048646,0.002810978858116542,0.018754458996370182,-0.05846750227195674,0.003107423015700661,-0.10776144616908256
2011-09-01,-0.008375063493037516,-0.0008274225944706615,0.006741643925830765,-0.016936868919435355,-0.07446710071978657,0.057915131935034836,-0.15967779517433067
2011-10-01,0.009301311098913523,0.006916436587234287,-0.007653433426424883,0.025019663120132485,0.10230659176938861,-0.030767743207135823,0.1751461152516276
2011-11-01,0.11777017697967018,-8.659124192433865e-05,0.003985479536774861,0.011227562057592344,-0.005071553722512334,0.02872870006889805,0.01650348521244238
2011-12-01,0.013893368844369647,0.0052922619015616235,-0.017463014524810916,0.002727836207752965,0.008496565407114964,0.022452996800669922,-0.024858501350887074
2012-01-01,0.016800354910465387,0.005946556615738174,0.00623889584632753,0.008828128086478593,0.04266004446780691,-0.011163482590843543,0.022315404493169044
2012-02-01,0.019853484335098592,0.003210503784291774,0.016291214013150146,-0.007097708236463163,0.039787344672045144,-0.006961554789435276,0.0575826407698945
2012-03-01,0.03780914749284303,-0.0051911748236843636,0.0033852109978962375,0.00021244755281024652,0.030851475632995395,0.0025370677517893014,-0.04269894084982395
2012-04-01,-0.027302192189490704,0.007167758505782551,-0.00026030247294173137,-0.008445089985262832,-0.0075256995449883846,-0.0017752907092827286,-0.007133426204660509
2012-05-01,-0.08721375003423137,0.002306548336549419,-0.03203233074203826,0.0018999794315455176,-0.0646993081586249,0.05253633356527665,-0.11296935440402267
2012-06-01,-0.13900721141674044,5.529183852992503e-05,-0.024740482688923038,-0.007992453175718062,0.03879271987370014,-0.016880592338195832,0.04216011450966972
2012-07-01,0.06483425461561865,0.0020967842001429204,-0.009922013810469643,0.012618692491398242,0.01251888494028286,0.012051979321196171,0.04823753359290661
2012-08-01,0.06845441956111031,-0.00428827046970337,0.04773189264321864,-0.021596205149350567,0.019570609701871078,-0.016962996215869275,0.026634202921058225
2012-09-01,0.0059297081836744425,-0.000733960055224081,0.03213295609569844,0.01724244425716126,0.02394711879625433,-0.016254437386185927,0.026215650564846538
2012-10-01,-0.055904728648591195,0.0034679632891858603,0.011905744516626626,0.016158637506646478,-0.0199878423580504,-0.00025027239445751803,-0.020500103415350246
2012-11-01,-0.03302802617534084,0.0036609386281414302,-0.028518124016033042,-0.0018565910425980547,0.0028426724604573295,0.0028737866641490584,-0.012307915968267302
2012-12-01,0.0181812795016425,0.0023667469005932418,-0.01666006150092958,-0.004743273607324738,0.007043368100712932,-0.00475244625297222,0.005053360292548881
2013-01-01,0.07043470218200287,0.0002451126233573575,0.0012945831474411307,-0.00851251705282774,0.04919779199874608,-0.0070449099224205725,0.07976264076367379
2013-02-01,0.0066312542351329995,0.004666005179331911,0.04262899268750964,-0.0015787059254810387,0.010999927126354336,0.034372814106433225,0.004386023095169556
2013-03-01,-0.024102669142282096,0.004020487651326121,-0.03624192406826765,-0.004316166453127046,0.03535529432970552,0.01224473684514571,0.020637612924842674
2013-04-01,-0.010587825788505256,-0.0008633445250438854,-0.025139497643247743,0.0064505450943599385,0.017924165836651795,-0.01529892026804447,-0.013199848384547685
2013-05-01,0.029220251961222132,0.0007806732341153477,-2.0792571230998647e-05,-0.00781187510886916,0.020550202383511795,0.019987266910618473,0.02809283949691954
2013-06-01,0.010493275715838024,0.0020727838311218605,0.00928441059005447,-0.004059149476534074,-0.015112928770280476,-0.002521755647324042,-0.027709542452565294
2013-07-01,0.08797646437885476,-0.00310675204574995,0.001132393362060391,0.01570000448791209,0.048277728051788316,-0.02089738628460225,0.05128046172257328
2013-08-01,0.01856289687719581,0.00576546223913077,0.007572516962385478,-0.009300766090171386,-0.03179826803794494,0.00782686416908085,-0.010366560123311164
2013-09-01,-0.0026308386873745704,0.005071694571082475,-0.00856483583754919,0.015277465264453838,0.029315591366424698,-0.02304328619041751,0.016294182726606543
2013-10-01,-0.05561554928106105,-0.0007890413557394282,-0.003263884192895361,-0.027536623204435173,0.04362997111283384,-0.0002493987382239382,0.04111619500789976
2013-11-01,-0.06875134789815807,0.0023333600077277694,0.003152650174946814,-0.0007105333400039271,0.027663289773235178,0.005967240047930922,0.0005786385769050995
2013-12-01,0.039380512871308504,0.0020086317141130294,0.012345305023635511,-0.004359455277008983,0.023289474482053762,-0.007964195714651012,0.023665004233629716
2014-01-01,-0.03131595303457768,-0.003563932744874876,0.01857441325723208,0.011152203539918304,-0.036231407776019076,0.015250382305269206,-0.05970712460414296
2014-02-01,0.06346787845148238,0.007528506037616012,-0.0016591210466323503,0.0021558169657085458,0.04221337507227485,-0.018504072282780726,0.049943189263903065
2014-03-01,-0.00019839301721624736,0.009638605074811402,0.0001440328397359636,0.003820190279126834,0.006908248426944041,0.004003003848245257,0.015958643704490072
2014-04-01,0.012520496778138934,0.0009672024963487402,-0.00038813585241914694,0.014288404741985339,0.006181643365585465,-0.007644634313821896,0.05121469722516503
2014-05-01,0.001077111487244764,0.00382432097151586,-0.0026088173537210935,0.0056543517197660265,0.02081219601335782,0.011009805688028784,0.016609741628437202
2014-06-01,0.03472003309603089,0.0034263137889523065,0.002008310507912725,0.01209648353956716,0.018878996713560525,-0.007368175222452145,0.049034959743521345
2014-07-01,-0.02101519692867182,0.0022187855179991445,-0.0038920078499726785,-0.0019337986186531708,-0.015194687637991144,0.020839259804891874,-0.03528044749011139
2014-08-01,-0.0704833698376639,-0.0018898378264742277,-0.01231704562999969,-0.0011819058456170595,0.03696364440798927,0.01571192327588644,0.02160088760829426
2014-09-01,-0.03510241815928161,0.0028693197501494794,-0.016782353582216913,0.0014963006382355815,-0.015635436105290168,0.03782539249794148,-0.08581514164803616
2014-10-01,-0.09928761047115398,0.00011933608402614482,-0.01900736394875846,0.00027858550178372354,0.022936398829564553,0.010878417816997832,-0.03595090105809717
2014-11-01,-0.10760104377797397,0.006153151350189567,-0.03452562187465702,-0.01645772923407751,0.02423747356330619,0.01689156088735988,-0.0909499726923908
2014-12-01,-0.24552570010466113,-7.906777172816959e-05,-0.04684110941949626,0.025349936244664306,-0.0041973842211255885,0.021385756662892774,-0.008302928800804743
2015-01-01,-0.2276231260619097,-0.007879228487476908,-0.08900346260850434,-0.014448962015870315,-0.03153277926642595,0.048964299330149785,-0.04667643788385334
2015-02-01,0.06873870958445227,-0.006405903226315068,0.015362123886097478,0.0021748117911108977,0.05343887632562794,0.004735572554296574,0.04490621338853851
2015-03-01,-0.05611227921164019,-0.0033518725083752088,0.013386438882405649,-0.0008285764067581525,-0.017549197433963215,0.03212920954646403,-0.018391256887198892
2015-04-01,0.1298388873487908,-0.005470746111496005,-0.01065154915566957,0.004517588063389866,0.008484722544634948,-0.038976763625240274,0.06366805289064503
2015-05-01,0.08482042642077703,-0.0044228298448434344,0.02616074532265067,-0.014752486882049887,0.010436729675337375,0.024125290607190486,-0.053281378090073606
2015-06-01,0.009236777402055196,-0.0031500185136206227,0.01445196986936459,-0.004651439015265879,-0.021235558871758542,-0.014761242944361541,-0.04207713714509742
2015-07-01,-0.1614771296453248,0.0064600821906077854,-0.0018506371566227031,-0.002090482821469841,0.01954968299001969,0.019496675607483915,-0.08002062131535936
2015-08-01,-0.17169064294659142,-0.00184021074428653,-0.01448852337132056,-0.0052171205646303065,-0.06462473099312405,-0.014690992550347559,-0.043449835682989324
2015-09-01,0.05910038827244968,-0.002794967313555219,-0.05586618567165491,0.0014551289047854965,-0.026798730963463413,0.00416018837554244,-0.08200156428648375
2015-10-01,0.016139935963899177,-0.0048472353195281315,-0.008298126840083242,-0.012655891579776757,0.07971937954339925,0.006207971187472516,0.10580156442875799
2015-11-01,-0.08532129110045217,-0.007384517731686024,-0.002569550718954261,-0.01879802039363465,0.0005047417068047011,0.032673374133186606,-0.00014703618647615713
2015-12-01,-0.1320514058088036,-0.004916123240685799,-0.025807582473044377,0.007427517771933623,-0.017685658390257153,-0.015493277225627544,-0.12013801158647253
2016-01-01,-0.16035434099075374,0.005226534839914088,-0.026151131416421336,-0.001062452692953464,-0.05206761730549658,0.009887120165913643,-0.03560657308478454
2016-02-01,-0.04387800617205384,-0.005198264319299817,-0.04886547674703223,-0.010390051137044054,-0.004136905514992684,-0.01415453343694395,-0.02840154731999034
2016-03-01,0.21386581743597244,-0.007447561483016507,0.032531763048806894,-0.00039352388129998417,0.06390499028682939,-0.03755631033807294,0.0897030076537475
2016-04-01,0.08178246147672796,0.0033764655587065207,0.02428110300705999,-0.01696383968148929,0.002695761451154688,-0.016092365403541642,0.08676899198909105
2016-05-01,0.13650243482714508,-0.002270369719856724,0.010034482519973409,0.0041172815907222216,0.01520836681052451,0.02974233669453863,-0.009377120739141542
2016-06-01,0.04295203009905402,0.004712588491569747,0.02255957479836468,-0.005818222264259987,0.0009105066031533937,0.002603761316777309,0.020280394739413676
2016-07-01,-0.08805599729056279,0.001171402354962936,-0.020176364175666706,-0.004612926121769334,0.034990432691053286,-0.006365134613544932,-0.01268267466292139
2016-08-01,0.0015665215243356734,-0.0015082196772331358,-0.001450434061033512,-0.007327288659775277,-0.0012199867803515119,0.005116146638319385,0.01663155398026639
2016-09-01,0.010233682193013571,-0.0010556910872727698,0.018220259171214614,-0.016441561494393575,-0.0012352137017535014,-0.005849166154959562,0.030192034976136206
2016-10-01,0.09695878589958884,0.0001559439981937416,0.0192473138335858,0.0194723319717367,-0.019616837043472835,0.03084147210002719,-0.028587708715964943
2016-11-01,-0.0863906558377967,-0.004180408725706464,0.002003308932225778,-0.004102387715028577,0.03360354504443386,0.030510024394755142,0.08127501301571849
2016-12-01,0.12944398791870126,0.0068125945893555695,0.015868577548782348,-0.0025640091460106262,0.018037111299278763,0.008730247143836856,0.011886609265237436
2017-01-01,0.010146540577227636,-0.002632185863649106,0.028928963965610954,0.007744763463099602,0.01772631462106311,-0.028530882531113022,-0.032657039791492704
2017-02-01,0.018307579363062043,-0.004022819294649871,-0.0060366188853615554,0.017959691621177498,0.036523000738276856,0.016049794465591738,-0.021070980362035918
2017-03-01,-0.08058833371499352,0.006577241165916625,-0.007893593601530746,0.003521733894562118,-0.00038927289213130933,-0.007643897523379906,-0.020952008514480536
2017-04-01,0.03446899656769098,0.010135936505023757,0.0021012037857879307,-0.005122946911753523,0.009050132478198414,-0.013039256081942341,-0.029913733567138223
2017-05-01,-0.051850070052278596,0.0011830347817092246,-0.022447212214962597,0.00928475535883333,0.01150975911098051,-0.0217389268989443,-0.03601820790003751
2017-06-01,-0.07049683072120194,0.0020579802852100926,-0.003235276899149042,0.0002105116961130804,0.004802226040504287,-0.013085600521184126,-0.007978015160439167
2017-07-01,0.031589599780372346,-0.0023975598889283134,-0.009212816747516506,0.004756151143404885,0.01916401754710062,-0.029707287370116298,0.02584915955151823
2017-08-01,0.029789886391553555,-0.0041471676206601416,0.027457165120301497,-0.012175696873281794,0.0005462837796947895,-0.0020482133248629353,-0.05634643210700041
2017-09-01,0.03638251262225145,0.001031641609603895,0.05444963824421922,0.011786875483206671,0.01911903935235504,0.0044145822662011724,0.08388333896800582
2017-10-01,0.03471749061916407,0.012242951327366747,-0.02087708914096975,0.011811847987915236,0.021945560031841893,0.01566946927519286,-0.008358427802507506
2017-11-01,0.0935814489322655,0.002389626780567866,0.0223990379045782,0.016083372249641847,0.02769554104663463,-0.016421790158995364,0.01737135563981962
2017-12-01,0.02165645237781888,0.0019533298635989738,0.002470578185587158,-0.0045170524170323745,0.009783614574871535,-0.00961493245437861,0.04471604659116535
2018-01-01,0.09581266081483442,-1.872595501151153e-05,0.015245550597744462,-0.005893284147006739,0.05465739835832828,-0.03299615744058304,0.035215335197207764
2018-02-01,-0.023347363996991,0.002421606629052775,0.015039322720235226,0.010850420785825321,-0.03972610759808415,0.01646864164283368,-0.11468164916483392
2018-03-01,0.008002603527525132,0.004886354634384027,-0.02028697967972448,0.00713712882125872,-0.027252497366939465,-0.007088293973080084,0.009988987876273558
2018-04-01,0.0545956627576798,0.01095858190317145,0.015843600323131035,-0.0016434783449703616,0.002715085811824558,0.020571597699452937,0.09070076151380402
2018-05-01,0.054774022073210915,-0.009045665423148996,0.008541429907377385,-0.00758340994745943,0.021378191183066164,0.02314047820756482,0.029502228697486643
2018-06-01,-0.030615376223875224,0.007739323183955982,-0.0004434469474823288,0.012891236018798047,0.004830749386569799,0.006786150591772788,-0.001052832449740304
2018-07-01,0.04480403650268361,0.0016130706732431221,-0.0046180867600718045,0.011093990250211405,0.03538795073752432,-0.00148053530918002,0.01541909896387983
2018-08-01,-0.04200847814559072,0.006442729109767065,0.012884459148268412,0.023648157551246385,0.029814314524382546,0.006855498402307703,-0.035369221345666446
2018-09-01,0.03138590109816963,0.0006505452749951957,0.005255912675974805,-0.006026103092176882,0.004285093286333641,0.0005254353220953689,0.017312929697845814
2018-10-01,0.007376966352417469,-0.0011033900564871857,0.009187200851075161,-0.008741153110027433,-0.07192934595429712,0.020175339225925626,-0.12022850753139158
2018-11-01,-0.2168032694196267,0.0007930645244380585,-0.03384632513165453,0.0025830505324453412,0.01770175205611757,0.0014403232329911475,-0.01575785615962033
2018-12-01,-0.13997263872737964,0.0002450018435427026,-0.022540467873501058,0.003073666412905851,-0.09626521985789882,-0.011373142685227933,-0.14214721360890392
2019-01-01,0.036872363305397116,-0.00666522303835837,-0.044460273498866165,-0.005241351682647277,0.07574215198675649,-0.0061538273773091845,0.10626682547368738
2019-02-01,0.06717468916789304,-0.005479088490066175,0.01844487469592604,-0.026854831939622237,0.029295553365401794,0.006049896563085966,0.022786403760168827
2019-03-01,0.05660219811504241,0.0003752804925412079,0.03210085639726756,0.006944389143344942,0.017765510890228597,0.01157989679911342,0.013245268289372891
2019-04-01,0.09366730832196257,-0.005865977141161771,0.03423648213422492,0.014086736628718732,0.038560397417571224,0.002053857524646041,-0.00015128391432517319
2019-05-01,-0.04861009895402191,0.0011530983463270417,-0.008565488553514022,-0.0013861421831649068,-0.06804089408287428,0.0027659356713183314,-0.11768850216422111
2019-06-01,-0.10695090783269201,0.00044427195055796176,-0.025708215001642998,0.003143460873669568,0.06665830156302643,-0.01671178535928952,0.08070999334453743
2019-07-01,0.04804066307545796,-0.0048606038693659315,0.008201666837749144,-0.02878376119170234,0.013042724833705499,0.024558125672525577,-0.01598006195119872
2019-08-01,-0.0453001845173544,0.0068257248349024024,-0.013234643623437847,0.030028789283948143,-0.018257281743262688,0.0040518849640447385,-0.08692440656002143
2019-09-01,0.03830103083516612,-0.0033894417233817364,-0.0038982202847641645,0.004071503863511516,0.01703525059107225,0.004639434394247743,0.02948450153050386
2019-10-01,-0.053930658553636324,-0.008478362664281036,0.010521177739867937,0.006949460212087644,0.020225842153316798,-0.02063814239294892,-0.021168453120817166
2019-11-01,0.0553344138288927,0.005006764315212742,0.010259913087938166,-0.0030392578735431997,0.033480266071379106,0.009406042069970866,0.01591818493558117
2019-12-01,0.048765114382979924,-0.0023266844944638265,0.01683317305432208,0.004620947726110991,0.028188756298542117,-0.0193163027502532,0.01933973542166978
2020-01-01,-0.04020984613863643,-0.006575138580045881,-0.0046813446107512036,0.003979456155749794,-0.0016294196024428942,0.01032107424224904,-0.11645151848330526
2020-02-01,-0.12936761145274334,0.003356601456009578,-0.02694660108234448,-0.010137701894934459,-0.08785953690838788,0.007569572523161483,-0.16591493197085683
2020-03-01,-0.5482539855603985,-0.039905426201024774,-0.06066166273688545,-0.005551679885862804,-0.13366772467037435,0.00933170172565223,-0.4432819317953425
2020-04-01,-0.5681250145765775,-0.14142247901545613,-0.09946594631331784,-0.056067756793444445,0.11942083876017673,-0.00030298792313043776,0.2682235199620058
2020-05-01,0.5456210356483115,0.016402914528458545,-0.014042246479183618,-0.16406069997389405,0.0442865329490969,-0.006890991287177961,0.019802583992082123
2020-06-01,0.293703821241174,0.06347249159182677,0.0471595678994543,0.07155616267471121,0.018221374356718556,-0.009707295038505315,-0.023757804148852202
2020-07-01,0.06076280380233001,0.03678711230080012,0.016979656689157352,0.04386978978610223,0.05363680163450546,-0.04086907385262606,-0.04927904868980093
2020-08-01,0.03925850319183155,0.009731960431251352,0.006961325685458597,-0.03224567741029105,0.06771908300435747,-0.014545302969800389,-0.010602701217858002
2020-09-01,-0.06614585850437527,0.00012505093236558906,0.017425545793581243,0.024874008345638465,-0.04001811998317706,0.01881472488615188,-0.17421983962672716
2020-10-01,-0.00582059089845588,0.008017424837306386,-0.003014120779544882,-0.037603798262765054,-0.028055692285555267,0.001596355637631497,-0.04193562976347609
2020-11-01,0.03834176392925537,0.0035310967909989444,0.004598995718245291,0.04761606655286155,0.10214642790660022,-0.023345669227606614,0.24681653155559058
2020-12-01,0.13846546287878025,0.013112855111043764,0.04298292313028451,0.0024196030008569736,0.036449047840592996,-0.02123175569237823,0.030540900521693004
2021-01-01,0.10067067546950392,0.00526452556660395,0.03252785936617908,0.012248053849297946,-0.011199137650889313,0.007090649855452824,0.03678213516859152
2021-02-01,0.12697146171078932,-0.033600576999423204,0.031375340631675463,-0.11620098966116021,0.025756876672536677,0.003856524751136625,0.20258788241661785
2021-03-01,0.05422767052854205,0.028565786232450208,0.046236560957075845,0.12568598076658954,0.041562807282547354,0.02497961122162895,0.01872289688816764
2021-04-01,-0.009834823325799213,0.0017578578773207454,-0.01033996850053498,0.011822901468010016,0.05109733046805509,-0.021137902134963582,0.006703895372323299
2021-05-01,0.05439121284932913,0.008834757856392983,0.011371589738954135,0.010179299909214734,0.005471492716724313,-0.01590142251303206,0.05552606769224511
2021-06-01,0.09101847771772498,0.003668089560924237,0.016178768582643777,0.0018122993464810833,0.02197087256612207,0.0285295421492755,0.03129968697781482
2021-07-01,0.015430903250772232,0.004530861445060097,0.01227437334959447,0.0037702909768624338,0.02249317592225175,-0.0029251336773787884,-0.08682575467005993
2021-08-01,-0.06791940808597374,-0.002078928094134014,0.017620641155877692,-0.009801723145082875,0.0285781431597929,0.004978355475316221,-0.020248116945727812
2021-09-01,0.056263941047368426,-0.01192362503883615,0.01897199667006788,-0.025197907240191775,-0.04873779278283408,0.017337792713290945,0.07347314943740324
2021-10-01,0.12856443708442455,0.01334599098044631,0.03781611981503019,0.04033363807878576,0.06685817528398985,-0.001380233287254562,0.09829009907393882
2021-11-01,-0.02901280503158432,0.006757498302163434,0.034877434425405696,0.008845597390621407,-0.008368625655204909,0.01967340407986118,-0.051412375171523195
2021-12-01,-0.09871457843253761,-0.002907100013006314,0.015426385054163383,-0.002927828781090547,0.042688648161396614,-0.0033392465699284557,0.016532302163560608
2022-01-01,0.14885749566031148,-0.0038553890138945945,0.008511670305147767,-0.022911492548490564,-0.05401822999928463,0.009052689164947836,0.1720588370719054
2022-02-01,0.09638015403050026,0.006177379936951333,0.018819607665429672,0.0008405353240403812,-0.031862761021711705,0.0017593605463970263,0.0683049863657974
2022-03-01,0.16888231539521925,0.005779525289359988,0.09611816303906195,0.021135210686172634,0.03514828627152333,0.016408926282936775,0.07975930712083734
2022-04-01,-0.06393655181982805,0.0004861197143313234,-0.02554294383137279,-0.001171447200327691,-0.09206782490742249,0.04621482785072306,-0.01702001480750237
2022-05-01,0.07356744488078881,-0.0010504332153136176,0.04499300654332572,-0.0033455865619087533,5.317629076095898e-05,-0.01182173007309828,0.14871815941428412
2022-06-01,0.047158789211388275,-0.0031183386894699794,0.06696397128108789,0.008452505660521581,-0.08765158180481869,0.02848480132889719,-0.1983669659842353
2022-07-01,-0.12229948908727728,0.002027284973972421,-0.0499824099450521,0.005801267286580369,0.08720138468971683,0.0114916413644357,0.0922416435813771
2022-08-01,-0.08146239894454688,-0.001252475829669919,-0.05228750051801878,-0.002708270189717865,-0.04336703066340597,0.026096499036077248,0.0261782109096651
2022-09-01,-0.1058707106701684,0.001931932369605427,-0.014273562227149483,0.0151590799685426,-0.09804916662099217,0.030977984741279663,-0.11131337281491982
2022-10-01,0.038302802180989914,-0.000384112746256271,0.019669078395297745,-0.009397683150043079,0.0768345644688555,-0.005276148732014541,0.2228658587206671
2022-11-01,-0.03699817055432497,-0.0029444934707285597,-0.006146642053929341,-0.00466478477597132,0.05235797609764958,-0.05132634615082665,0.012696847534713118
2022-12-01,-0.09870576880546356,-0.011845400797525052,-0.040307490656484646,-0.02763761813822274,-0.06078182537666876,-0.023202457585838054,-0.04121062647753693
2023-01-01,0.02173998663640564,0.007376024221829702,0.02171275999214739,0.044049754085681236,0.05992118183434947,-0.013812088099040665,0.02773570193246444
2023-02-01,-0.016650917128933962,0.0013582135715868304,-0.013462737545586023,-0.0017342389997470065,-0.026459478859793606,0.026768803810989006,-0.07191206810310469
2023-03-01,-0.04730746851366874,0.00375777546565903,-0.020414656516394736,0.0026266192501980257,0.034451292698264524,-0.0227611384021138,-0.010329188500450837
2023-04-01,0.08084017261684995,0.0022988686347238385,-0.0071240331949766755,-0.006025024336726581,0.014536177649562276,-0.00822811935726353,0.0273891309162293
2023-05-01,-0.10431218764484562,-0.003208999022467296,-0.023732363814574775,0.0022845435209895015,0.002479271433271535,0.025730838975674963,-0.1057129955255367
2023-06-01,-0.018755397124023965,-0.00804786480502262,0.0052328819283546935,4.4661381052080174e-05,0.06271886491464329,-0.013608239819407508,0.05807922610777272
2023-07-01,0.07959366079535446,0.007830856183776547,-0.0005950005617618714,0.005624861094783107,0.030663950907703352,-0.010255527985031598,0.07486453596747733
2023-08-01,0.06759844632974055,-0.0006681669277961433,0.04179993010958505,-0.0017148646963400793,-0.017875203842994125,0.01713106044441215,0.016326834321545025
2023-09-01,0.0942037810191394,0.001801245307687438,0.018323318900049124,0.008112102787404929,-0.04994616792328266,0.024311177886105817,0.01639656655405819
2023-10-01,-0.04330373263660814,-0.005481179041073148,-0.02022202608545509,-0.010695631184145071,-0.022224841001403206,0.004604673727836683,-0.059249550344780744
2023-11-01,-0.0974259147591523,0.003923856488423638,-0.016238397557857276,0.004980832991813067,0.08542444820075268,-0.03007462680145334,-0.007186231019982614
2023-12-01,-0.0774502842353284,-0.00258901106065057,-0.004913770370436943,-0.003278103394679377,0.04327903543160794,-0.021189077174984305,-0.008787676800141142
2024-01-01,0.030813803856940325,-0.013820284885654566,-0.0028891651511315786,-0.049565930106242106,0.015770693886427267,0.018964349646495293,-0.005141926734551827
2024-02-01,0.04095684719391368,0.010653345023457383,0.01199409355141956,0.049333957436553,0.05042752831277042,0.008581328441824354,0.03220562238194846
2024-03-01,0.05085306805231671,0.0017186200476606572,0.018730694677717707,-0.013738416497623973,0.03054742011174305,0.003737241445341155,0.09167316599345865
2024-04-01,0.048860465410277776,-0.0021335238777089316,-0.0037376474844066365,0.010170243191103268,-0.04250577768147856,0.015846971422369016,-0.009471757265389513
2024-05-01,-0.06448384581136057,0.006161931798148501,-0.012053817311812765,-0.00025988741823379513,0.046903805304360446,-0.014699900113272157,-0.0034275923210946857
2024-06-01,-0.003129109506050831,0.000307300368700858,-0.020912880405801637,-0.0023024312676547254,0.03408234323888237,0.011399425925059603,-0.022241171082384437
2024-07-01,0.025129749685663505,-0.009143304316003409,1.0780295776058324e-05,-0.007053657210325248,0.011257710402409415,-0.016859991335151925,0.022348484385886547
2024-08-01,-0.06463632543125808,0.004542772371983972,-0.009317874681116223,0.004400126893104428,0.022577897117514567,-0.02332468791604203,-0.020923310070216417
2024-09-01,-0.08772296885058228,-0.006217580718655746,-0.011032466788389428,-0.017775312948357325,0.01999563228775436,-0.00908736190716386,-0.03887015678151595
2024-10-01,0.02460927115435041,-0.0034012836016454884,0.0011801703453775403,0.015892811804140372,-0.009946041598549726,0.03125869410008697,0.00895740768707931
2024-11-01,-0.02874651936972139,-0.001781025012705939,0.0010177857085258424,-0.010692643932504353,0.055719714029496714,0.016784625364647532,0.07542137841748797
2024-12-01,0.002427358941543112,0.01036780188456099,0.023678132477509273,0.0029423982475673682,-0.02530769218774509,0.025674752539151413,-0.10905430656478998
2025-01-01,0.07709836242061563,-0.0026208646085175147,0.008692442754751895,-0.014766149267916973,0.026657806419668972,-0.0011066598643942882,0.022851492824052855
2025-02-01,-0.05718948035335636,0.010286225390843562,-0.0006237065379526285,0.011241641863740881,-0.014344484648482592,-0.007037737395203969,0.03762199875388772
2025-03-01,-0.047086038936869024,-0.0005827653020853418,-0.011372631049235693,0.0027044645407992007,-0.05926678538017782,-0.03210550066525819,0.026566994728136617
2025-04-01,-0.07136127434205353,0.0008656154843622588,-0.005619800174287093,0.004121896637423461,-0.007654161847847618,-0.046551981782532614,-0.14916931682046908
2025-05-01,-0.021797060560124315,-0.0016071780172621786,-0.007113939395325453,0.0028507173656242557,0.05970544763775365,-0.0014084447750759566,0.0127138512778604
2025-06-01,0.09213201709344787,0.0050680790544692655,0.00427949596387478,0.008190741562144943,0.048415655447620054,-0.02497458776683459,0.03944239588445697
2025-07-01,0.0032220297353111604,0.004086103854820777,-0.006195069576761192,0.0031077062942941325,0.021435178792463816,0.03199705789923435,0.027905561154096148
2025-08-01,-0.05299551423083315,-0.0026464414048792406,0.006831261699315583,0.0005234031271825756,0.018886957507387336,-0.022852381611146555,0.03581464231696474
2025-09-01,-0.013973212913418465,0.00042598677330563106,0.014229727361851907,0.0007074542456688704,0.03471411909808175,0.0,-0.011684360124626814
2025-10-01,-0.049188930345270165,-0.004421176568901508,0.0068933197803788815,-0.009080475536926258,0.022433352045496235,0.02055046671358074,-0.013636308986820556
2025-11-01,-0.013724895065299059,-0.0018303731268254353,0.007073526051699197,-0.002664864465296901,0.0012987743939572027,-0.00341266981454158,0.02598421215513369
2025-12-01,-0.03541842720354271,0.004539615801846253,0.003422931348333158,-0.009513966280512598,-0.000524271828975742,-0.01193500884930021,-0.011452827772763019
2026-01-01,0.03508537141361945,-0.0036581265721959966,-0.01477119228080781,-0.01762097143912289,0.013570462244290482,-0.013212676852125682,0.13260835989685527
2026-02-01,0.07180924377888953,0.008133088744727957,0.006329504943655806,0.03154219297860372,-0.008706133376069403,0.0063720950596488635,0.09111653551564292
2026-03-01,0.3482063855909754,-0.0031634310478620975,0.1032189204206686,-0.015712429855669896,-0.052275556616100616,0.023790143367979688,0.09120500882419069
2026-04-01,0.09333844074948505,0.00863839976369718,0.037376400795174014,-0.0002596313990546051,0.0991513257212322,-0.018986605950922275,-0.026632899881103178
2026-05-01,0.017881434705397048,0.001350188963455068,0.038104748792945564,0.009297171868772658,0.0501895228551934,0.00842689191951873,-0.05797725838404855
